{"cameraMode":{"drawMode":0,"name":"Shaded","section":"Shading Mode"},"sceneLighting":true,"audioPlay":false,"sceneViewState":{"m_AlwaysRefresh":false,"showFog":true,"showSkybox":true,"showFlares":true,"showImageEffects":true,"showParticleSystems":true,"showVisualEffectGraphs":true,"m_FxEnabled":true},"in2DMode":false,"pivot":{"x":-66.18085479736328,"y":-15.974738121032715,"z":-100.87735748291016},"rotation":{"x":-0.015915054827928544,"y":0.9609794616699219,"z":-0.056580450385808948,"w":-0.2703082263469696},"size":110.31623077392578,"orthographic":false}