{"cameraMode":{"drawMode":0,"name":"Shaded","section":"Shading Mode"},"sceneLighting":true,"audioPlay":false,"sceneViewState":{"m_AlwaysRefresh":false,"showFog":true,"showSkybox":true,"showFlares":true,"showImageEffects":true,"showParticleSystems":true,"showVisualEffectGraphs":true,"m_FxEnabled":true},"in2DMode":false,"pivot":{"x":76.8803939819336,"y":15.929884910583496,"z":-24.012969970703126},"rotation":{"x":0.02818528190255165,"y":0.9680341482162476,"z":-0.12735538184642793,"w":0.21423715353012086},"size":14.188746452331543,"orthographic":false}