{"cameraMode":{"drawMode":0,"name":"Shaded","section":"Shading Mode"},"sceneLighting":true,"audioPlay":false,"sceneViewState":{"m_AlwaysRefresh":false,"showFog":true,"showSkybox":true,"showFlares":true,"showImageEffects":true,"showParticleSystems":true,"showVisualEffectGraphs":true,"m_FxEnabled":true},"in2DMode":false,"pivot":{"x":-11.242332458496094,"y":-29.044979095458986,"z":-339.47564697265627},"rotation":{"x":0.2524833381175995,"y":0.0220692977309227,"z":-0.005766629707068205,"w":0.9673526883125305},"size":1.956005573272705,"orthographic":false}